<?xml version="1.0" encoding="utf-8"?>
<modification>
	<code>Notice_of_adding</code>
	<name>Notice of adding product</name>
	<version>1.0</version>
	<author>https://prowebber.ru/</author>
	<link>https://prowebber.ru/</link>
	<file path="catalog/controller/common/header.php">
		<operation>
			<search><![CDATA[
			$data['title'] = $this->document->getTitle();]]></search>
			<add position="after"><![CDATA[
					if ($this->config->get('module_notice_add_status')){
						$this->document->addStyle('catalog/view/theme/default/stylesheet/noty.css');
						$this->document->addScript('catalog/view/javascript/notice_add.min.js'); 
					}
			]]></add>
		</operation>
	</file>  
	<file path="catalog/controller/checkout/cart.php">
		<operation>
			<search><![CDATA[
			$json['success'] = sprintf($this->language->get('text_success'), $this->url->link('product/product', 'product_id=' . $this->request->post['product_id']), $product_info['name'], $this->url->link('checkout/cart'));]]></search>
			<add position="after"><![CDATA[		
					if ($this->config->get('module_notice_add_status')){					
						$json['module_notice_add_layout'] = $this->config->get('module_notice_add_layout');
						$json['module_notice_add_timeout'] = $this->config->get('module_notice_add_timeout');
						$json['module_notice_add_status'] = $this->config->get('module_notice_add_status');
						
						$this->load->model('tool/image');
						
					if ($product_info['image']) {
					$image = $this->model_tool_image->resize($product_info['image'], $this->config->get('theme_' . $this->config->get('config_theme') . '_image_cart_width'), $this->config->get('theme_' . $this->config->get('config_theme') . '_image_cart_height'));
				     } else {
					   $image = '';
				      }				
						$json['href'] = $image;		
						
					}
			]]></add>
		</operation>
	</file>  
		<file path="catalog/controller/account/wishlist.php">
		<operation>
			<search><![CDATA[
			$json['total'] = sprintf($this->language->get('text_wishlist'), (isset($this->session->data['wishlist']) ? count($this->session->data['wishlist']) : 0));]]></search>
			<add position="after"><![CDATA[			
					if ($this->config->get('module_notice_add_status')){				
						$json['module_notice_add_layout'] = $this->config->get('module_notice_add_layout');
						$json['module_notice_add_timeout'] = $this->config->get('module_notice_add_timeout');
										
					}
			]]></add>
		</operation>
		<operation>
			<search><![CDATA[
			$json['success'] = sprintf($this->language->get('text_success'), $this->url->link('product/product', 'product_id=' . (int)$this->request->post['product_id']), $product_info['name'], $this->url->link('account/wishlist'));]]></search>
			<add position="after"><![CDATA[				
					if ($this->config->get('module_notice_add_status')){					
						$json['module_notice_add_layout'] = $this->config->get('module_notice_add_layout');
						$json['module_notice_add_timeout'] = $this->config->get('module_notice_add_timeout');
						
						$this->load->model('tool/image');					
						  if ($product_info['image']) {
					      $image = $this->model_tool_image->resize($product_info['image'], $this->config->get('theme_' . $this->config->get('config_theme') . '_image_cart_width'), $this->config->get('theme_' . $this->config->get('config_theme') . '_image_cart_height'));
				          } else {
					      $image = '';
				         }				
						$json['href'] = $image;				
					}												
			]]></add>
		</operation>
	</file>  
	<file path="catalog/controller/product/compare.php">
		<operation>
			<search><![CDATA[
			$json['success'] = sprintf($this->language->get('text_success'), $this->url->link('product/product', 'product_id=' . $this->request->post['product_id']), $product_info['name'], $this->url->link('product/compare'));]]></search>
			<add position="after"><![CDATA[		
					if ($this->config->get('module_notice_add_status')){					
						$json['module_notice_add_layout'] = $this->config->get('module_notice_add_layout');
						$json['module_notice_add_timeout'] = $this->config->get('module_notice_add_timeout');					
						$this->load->model('tool/image');				
							if ($product_info['image']) {
				         	$image = $this->model_tool_image->resize($product_info['image'], $this->config->get('theme_' . $this->config->get('config_theme') . '_image_cart_width'), $this->config->get('theme_' . $this->config->get('config_theme') . '_image_cart_height'));
				             } else {
					         $image = '';
				         }				
						$json['href'] = $image;						
					}
			]]></add>
		</operation>
	</file> 
    		<file path="catalog/view/theme/*/template/product/product.twig">
		<operation>
			<search><![CDATA[
			$('html, body').animate({ scrollTop: 0 }, 'slow');]]></search>
			<add position="replace"><![CDATA[		
			 if(json['module_notice_add_status']){	  
			 }else{
			 $('html, body').animate({ scrollTop: 0 }, 'slow');
			 }	 
			]]></add>
		</operation>
		<operation>
			<search><![CDATA[
			$('.breadcrumb').after('<div class="alert alert-success alert-dismissible">' + json['success'] + '<button type="button" class="close" data-dismiss="alert">&times;</button></div>');]]></search>		
			<add position="after"><![CDATA[
			            if(json['module_notice_add_status']){
						var success_text = '<div style="margin: 0 0 10px 0">\
											<div  style="float: left" ><img  style="margin: 0 5px 10px 0" class="img-thumbnail" src="'+json['href']+'" alt=""></div>\
											<div  style="text-align: center" >' + json['success'] + '</div>\
										</div>';

					var n = new Noty({
                    type: 'success',
                    layout: json['module_notice_add_layout'],
                    text:  success_text ,
                    textAlign:"right",
                    animateOpen:{"height":"toggle"},
                    timeout: json['module_notice_add_timeout'],
                    progressBar: false,
                    closeWith: 'button',
                }).show();
				}

			]]></add>
		</operation>
		<operation>
			<search><![CDATA[
			$('.breadcrumb').after('<div class="alert alert-success alert-dismissible">' + json['success'] + '<button type="button" class="close" data-dismiss="alert">&times;</button></div>');]]></search>		
			<add position="replace"><![CDATA[
			    if(json['module_notice_add_status']){
				}else{
				$('.breadcrumb').after('<div class="alert alert-success alert-dismissible">' + json['success'] + '<button type="button" class="close" data-dismiss="alert">&times;</button></div>');
				}
			]]></add>
		</operation>	
	</file> 
</modification>
